"";"x"
"1";"X2cell_1_A"
"2";"X2cell_1_B"
"3";"X2cell_2_A"
"4";"X2cell_2_B"
"5";"X2cell_3_A"
"6";"X2cell_3_B"
"7";"ME_4cell_1_A"
"8";"ME_4cell_1_B"
"9";"ME_4cell_1_C"
"10";"ME_4cell_1_D"
"11";"ME_4cell_2_A"
"12";"ME_4cell_2_B"
"13";"ME_4cell_2_C"
"14";"ME_4cell_2_D"
"15";"ME_4cell_3_A"
"16";"ME_4cell_3_B"
"17";"ME_4cell_3_C"
"18";"ME_4cell_3_D"
"19";"EM_4cell_1_A"
"20";"EM_4cell_1_B"
"21";"EM_4cell_1_C"
"22";"EM_4cell_1_D"
"23";"EM_4cell_2_A"
"24";"EM_4cell_2_B"
"25";"EM_4cell_2_C"
"26";"EM_4cell_2_D"
"27";"EM_4cell_3_A"
"28";"EM_4cell_3_B"
"29";"EM_4cell_3_C"
"30";"EM_4cell_3_D"
"31";"MM_4cell_1_A"
"32";"MM_4cell_1_B"
"33";"MM_4cell_1_C"
"34";"MM_4cell_1_D"
"35";"MM_4cell_2_A"
"36";"MM_4cell_2_B"
"37";"MM_4cell_2_C"
"38";"MM_4cell_2_D"
"39";"MM_4cell_3_A"
"40";"MM_4cell_3_B"
"41";"MM_4cell_3_C"
"42";"MM_4cell_3_D"
"43";"EE_4cell_1_A"
"44";"EE_4cell_1_B"
"45";"EE_4cell_1_C"
"46";"EE_4cell_1_D"
"47";"X8cell_1_A"
"48";"X8cell_1_B"
"49";"X8cell_1_C"
"50";"X8cell_1_D"
"51";"X8cell_1_E"
"52";"X8cell_1_F"
"53";"X8cell_1_G"
"54";"X8cell_1_H"
"55";"X8cell_2_A"
"56";"X8cell_2_B"
"57";"X8cell_2_C"
"58";"X8cell_2_D"
"59";"X8cell_2_E"
"60";"X8cell_2_F"
"61";"X8cell_2_G"
"62";"X8cell_2_H"
"63";"X16cell_A"
"64";"X16cell_B"
"65";"X16cell_C"
"66";"X16cell_D"
"67";"X16cell_E"
"68";"X16cell_F"
"69";"X32cell_A"
"70";"X32cell_B"
"71";"X32cell_C"
"72";"X32cell_D"
"73";"X32cell_E"
"74";"X32cell_F"
"75";"X8cell_3_A"
"76";"X8cell_4_A"
"77";"X8cell_3_B"
"78";"X8cell_4_B"
"79";"X8cell_3_C"
"80";"X8cell_4_C"
"81";"X8cell_3_D"
"82";"X8cell_4_D"
"83";"X8cell_3_E"
"84";"X8cell_4_E"
"85";"X8cell_3_F"
"86";"X8cell_4_F"
"87";"X8cell_3_G"
"88";"X8cell_4_G"
"89";"X8cell_3_H"
"90";"X8cell_4_H"
"91";"X2cell_4_A"
"92";"X2cell_4_B"
"93";"X2cell_5_A"
"94";"X2cell_5_B"
"95";"X2cell_6_A"
"96";"X2cell_6_B"
"97";"X2cell_7_A"
"98";"X2cell_7_B"
"99";"X2cell_8_A"
"100";"X2cell_8_B"
"101";"ME_4cell_4_A"
"102";"ME_4cell_4_B"
"103";"ME_4cell_4_C"
"104";"ME_4cell_4_D"
"105";"ME_4cell_5_A"
"106";"ME_4cell_5_B"
"107";"ME_4cell_5_C"
"108";"ME_4cell_5_D"
"109";"EM_4cell_4_A"
"110";"EM_4cell_4_B"
"111";"EM_4cell_4_C"
"112";"EM_4cell_4_D"
"113";"EM_4cell_5_A"
"114";"EM_4cell_5_B"
"115";"EM_4cell_5_C"
"116";"EM_4cell_5_D"
"117";"EM_4cell_6_A"
"118";"EM_4cell_6_B"
"119";"EM_4cell_6_C"
"120";"EM_4cell_6_D"
"121";"ME_4cell_6_A"
"122";"ME_4cell_6_B"
"123";"ME_4cell_6_C"
"124";"ME_4cell_6_D"
